code,thaiTitle,englishTitle,credits,creditUnits,theoryHours,practiceHours,selfStudyHours
"01-110-004","สังคมกับสิ่งแวดลSอม","Society and Environment","3(3-0-6)","3","3","0","6"
"01-110-007","การสื่อสารกับสังคม","Communication and Society","3(3-0-6)","3","3","0","6"
"01-110-009","การพัฒนาคุณภาพชีวิตและสังคม","Quality of Life and Society Development","3(3-0-6)","3","3","0","6"
"01-110-017","คุณภาพชีวิตที่ดีของพลเมืองยุคใหมQ","Quality of Life for New Generation","3(3-0-6)","3","3","0","6"
"01-110-020","หนึ่งเสียง สรSางพลังสังคม","One Voice for Social Empowerment","3(3-0-6)","3","3","0","6"
"01-110-021","ชีวิตในสังคมพหุวัฒนธรรม","Life in Multicultural Society","3(3-0-6)","3","3","0","6"
"01-110-022","มองสังคมอยQางนักวิจัย","Sociological Perspective as a Researcher","3(3-0-6)","3","3","0","6"
"01-110-023","พลเมืองที่ดีตามวิถีประชาธิปไตย","Good Citizen by Democratic Way","3(3-0-6)","3","3","0","6"
"01-110-024","ชีวิตที่พอเพียงกับภูมิปXญญาไทย","Sufficiency Life with Thai Wisdom","3(3-0-6)","3","3","0","6"
"01-110-025","สังคมที่เปJนมิตรกับสิ่งแวดลSอม","Eco-friendly Society","3(3-0-6)","3","3","0","6"
"01-110-026","อาเซียนในยุคศตวรรษที่ 21","ASEAN in the 21st Century","3(3-0-6)","3","3","0","6"
"01-110-027","สังคมกับเศรษฐกิจ","Society and Economy","3(3-0-6)","3","3","0","6"
"01-110-029","อัตลักษณ?การเมืองกับพลเมืองยุคใหมQ","Political Identity and Modern Citizens","3(3-0-6)","3","3","0","6"
"01-110-030","ชีวิตติดเทร็นด?","Trendy Life","3(3-0-6)","3","3","0","6"
"00-100-102","อัตลักษณ?แหQงราชมงคลธัญบุรี","RMUTT Identity","3(2-2-5)","3","2","2","5"
"01-210-007","ตรรกะในชีวิตประจำวัน","Logic in Daily Life","3(3-0-6)","3","3","0","6"
"01-210-017","สารสนเทศและการเขียนรายงานทางวิชาการ","Information and Academic Report Writing","3(3-0-6)","3","3","0","6"
"01-210-018","การสืบคSนสารสนเทศ","Information Retrieval","3(3-0-6)","3","3","0","6"
"01-210-022","วิถีธรรมวิถีไทย","The way of Thai Ethics","3(3-0-6)","3","3","0","6"
"01-210-023","มหัศจรรย?แหQงรัก","Miracle of Love","3(3-0-6)","3","3","0","6"
"01-210-024","ทักษะการเรียนรูSสูQความสำเร็จ","Learning Skills to Success","3(3-0-6)","3","3","0","6"
"01-210-025","มองชีวิตผQานฟล?ม","Life on Films","3(3-0-6)","3","3","0","6"
"01-210-028","การรูSเทQาทันสารสนเทศในยุคดิจิทัล","Information Literacy in Digital Age","3(3-0-6)","3","3","0","6"
"01-210-029","จิตวิทยาเพื่อชีวิตที่งดงาม","Psychology for Beautiful Life","3(3-0-6)","3","3","0","6"
"01-210-030","ดุลยภาพแหQงชีวิต","Balance of Life","3(3-0-6)","3","3","0","6"
"01-210-031","คุณคQาของชีวิตและจริยธรรมในวิชาชีพ","Value of Life and Professional Ethics","3(3-0-6)","3","3","0","6"
"01-210-032","การใชSเหตุผลและจริยศาสตร?","Reasoning and Ethics","3(3-0-6)","3","3","0","6"
"01-210-033","บุคลิกภาพสูQความสำเร็จ","Personality to Success","3(3-0-6)","3","3","0","6"
"01-610-003","นันทนาการ","Recreation","1(0-2-1)","1","0","2","1"
"01-610-005","การจัดการคQายพักแรม","Camp Management","3(3-0-6)","3","3","0","6"
"01-610-006","การฝกดSวยน้ำหนักเพื่อสุขภาพ","Weight Training for Health","3(2-2-5)","3","2","2","5"
"01-610-007","ดำน้ำตื้นเบื้องตSน","Basic Skin Diving","3(2-2-5)","3","2","2","5"
"01-610-008","ลีลาศเพื่อสุขภาพ","Social Dance for Health","3(2-2-5)","3","2","2","5"
"01-610-009","สุขภาพเพื่อชีวิต","Health for Life","3(3-0-6)","3","3","0","6"
"01-610-012","สุขภาพเพื่อการดำรงชีวิตสำหรับคนรุQนใหมQ","Health for New Generation Living","3(2-2-5)","3","2","2","5"
"01-610-013","การควบคุมน้ำหนักและรูปรQางเพื่อสุขภาพ","Weight and Body Shapes Control for Health","3(2-2-5)","3","2","2","5"
"01-610-014","ทักษะกีฬาเพื่อสุขภาพ","Sports Skills for Health","1(0-2-1)","1","0","2","1"
"01-610-015","กิจกรรมทางน้ำเพื่อสุขภาพ","Water Activities for Health","3(2-2-5)","3","2","2","5"
"00-100-203","มหาวิทยาลัยสีเขียว","Green University","3(2-2-5)","3","2","2","5"
"00-100-204","การคิดเชิงออกแบบ","Design Thinking","3(2-2-5)","3","2","2","5"
"09-000-002","การใชSงานโปรแกรมสำเร็จรูปเพื่องานมัลติมีเดีย","Program Package for Multimedia","3(2-2-5)","3","2","2","5"
"09-090-013","การจัดการสารสนเทศเพื่อผูSประกอบการ","Information Management for Entrepreneur","3(2-2-5)","3","2","2","5"
"09-111-001","การคิดและการใหSเหตุผล","Thinking and Reasoning","3(3-0-6)","3","3","0","6"
"09-111-002","คณิตศาสตร?เพื่อการทQองเที่ยว","Mathematics for Tourism","3(3-0-6)","3","3","0","6"
"09-111-051","คณิตศาสตร?ในชีวิตประจำวัน","Mathematics in Daily Life","3(3-0-6)","3","3","0","6"
"09-130-002","อินเทอร?เน็ตทุกสรรพสิ่งในชีวิตประจำวัน","Internet of Things in Everyday Life","3(3-0-6)","3","3","0","6"
"09-130-003","ชีวิตดิจิทัล","Digital Life","3(3-0-6)","3","3","0","6"
"09-150-001","ฟาร?มอัจฉริยะและเมืองอัจฉริยะ","Smart Farm and Smart City","3(2-2-5)","3","2","2","5"
"09-210-001","เคมีในยุคดิจิทัล","Chemistry in Digital Life","3(3-0-6)","3","3","0","6"
"09-210-003","วิทยาศาสตร? ความคิดสรSางสรรค? และนวัตกรรม","Science, Creativity, and Innovation","3(3-0-6)","3","3","0","6"
"09-210-033","เทคโนโลยีสีเขียว","Green Technology","3(3-0-6)","3","3","0","6"
"09-311-051","ชีวิตและสิ่งแวดลSอม","Life and Environment","3(3-0-6)","3","3","0","6"
"09-410-001","กSาวทันเทคโนโลยี","Keep Pace with Technology","3(3-0-6)","3","3","0","6"
"09-410-003","ตSองรอดกับภัยพิบัติธรรมชาติ","Survival with Natural Disaster","3(3-0-6)","3","3","0","6"
"09-510-001","ชีวิตยุคใหมQและความปลอดภัยอาหาร","Modern Life with Food Safety","3(3-0-6)","3","3","0","6"
"01-320-001","ภาษาอังกฤษเพื่อการสื่อสาร","English for Communication","3(3-0-6)","3","3","0","6"
"01-320-002","สนทนาภาษาอังกฤษ","English Conversation","3(3-0-6)","3","3","0","6"
"01-320-003","การพัฒนาทักษะการอQานภาษาอังกฤษ","English Reading Development","3(3-0-6)","3","3","0","6"
"01-320-004","การพัฒนาทักษะการเขียนภาษาอังกฤษ","English Writing Development","3(3-0-6)","3","3","0","6"
"01-320-006","ภาษาอังกฤษเพื่อการสอบแบบทดสอบมาตรฐาน","English for Standardized Tests","3(3-0-6)","3","3","0","6"
"01-320-007","ภาษาอังกฤษเพื่อการสมัครงาน","English for Job Application","3(3-0-6)","3","3","0","6"
"01-320-008","ภาษาอังกฤษเพื่อการศึกษาเชิงหรรษา","English Edutainment","3(3-0-6)","3","3","0","6"
"01-320-009","ภาษาอังกฤษเพื่อการสื่อสารทางธุรกิจ","English for Business Communication","3(3-0-6)","3","3","0","6"
"01-320-010","ภาษาอังกฤษเพื่ออุตสาหกรรมบริการ","English for Service Industry","3(3-0-6)","3","3","0","6"
"01-320-011","ภาษาอังกฤษเพื่อวิทยาศาสตร?และเทคโนโลยี","English for Science and Technology","3(3-0-6)","3","3","0","6"
"01-320-012","ภาษาอังกฤษเพื่อการพยาบาล","English for Nursing","3(3-0-6)","3","3","0","6"
"01-320-013","ภาษาอังกฤษเพื่องานคหกรรม","English for Home Economics","3(3-0-6)","3","3","0","6"
"01-320-014","ภาษาอังกฤษเพื่องานวิศวกรรม","English for Engineering","3(3-0-6)","3","3","0","6"
"01-320-015","ภาษาอังกฤษเพื่องานเทคโนโลยีการเกษตร","English for Agricultural Technology","3(3-0-6)","3","3","0","6"
"01-320-016","ภาษาอังกฤษเพื่องานศิลปกรรม","English for Fine and Applied Arts","3(3-0-6)","3","3","0","6"
"01-320-017","ภาษาอังกฤษเพื่อการแพทย?บูรณาการ","English for Integrative Medicine","3(3-0-6)","3","3","0","6"
"01-320-018","ภาษาอังกฤษเพื่องานสถาปXตยกรรม","English for Architecture","3(3-0-6)","3","3","0","6"
"01-310-001","ภาษาไทยในมิติสังคมปXจจุบัน","Thai Language in Today's Society","3(3-0-6)","3","3","0","6"
"01-310-002","วรรณกรรมกับชีวิต","Literature and Life","3(3-0-6)","3","3","0","6"
"01-310-003","การอQานเพื่อการรังสรรค?และเสนอผลงาน","Reading for Creativity and Presentation","3(3-0-6)","3","3","0","6"
"01-310-008","ภาษากับวัฒนธรรม","Language and Culture","3(3-0-6)","3","3","0","6"
"01-330-001","ภาษาจีนพื้นฐาน","Basic Chinese","3(3-0-6)","3","3","0","6"
"01-330-002","การสนทนาภาษาจีนเบื้องตSน","Basic Chinese Conversation","3(3-0-6)","3","3","0","6"
"01-330-006","ภาษาญี่ปุ«นพื้นฐาน","Basic Japanese","3(3-0-6)","3","3","0","6"
"01-330-007","สนทนาภาษาญี่ปุ«นเบื้องตSน","Basic Japanese Conversation","3(3-0-6)","3","3","0","6"
"00-100-304","นวัตกรรมเพื่อชุมชน","Innovation for the Community","3(1-4-4)","3","1","4","4"
"00-100-305","นวัตกรรมเพื่ออุตสาหกรรม","Innovation for the Industry","3(1-4-4)","3","1","4","4"
"00-100-103","ความเปJนผูSประกอบการ","Entrepreneurship","3(2-2-5)","3","2","2","5"
"05-700-101","เศรษฐศาสตร?ประยุกต?","Applied Economics","3(3-0-6)","3","3","0","6"
"09-121-003","สถิติพื้นฐานสำหรับผูSประกอบการ","Basic Statistics for Entrepreneurs","3(3-0-6)","3","3","0","6"
"08-999-101","M300 เทคโนโลยีสื่อใหมQ","New Media Technology","1(1-0-3)","1","1","0","3"
"08-999-102","หลักการการออกแบบสรSางสรรค?งานกราฟก","Principles of Creative Graphic Design","1(1-0-2)","1","1","0","2"
"08-999-103","ปฏิบัติการออกแบบสรSางสรรค?งานกราฟก","Practice on Creative Graphic Design","2(0-4-2)","2","0","4","2"
"08-999-204","การสรSางสรรค?ดิจิทัลคอนเทนต?","Digital Content Creation","3(2-3-5)","3","2","3","5"
"08-160-105","M300 วิธีการบีบอัดและแปลงไฟล?","How to Compress and Convert Files","1(1-0-2)","1","1","0","2"
"08-160-106","M300 การถQายภาพเพื่อการสื่อสาร","Photography for Communication","1(1-0-2)","1","1","0","2"
"08-160-107","M300 เทคนิคการถายภาพในสถานการณตางๆ","Photography Techniques in Various Situations","1(0-2-2)","1","0","2","2"
"08-160-108","M100 การออกแบบและการบันทึกเสียง","Sound Design and Sound Recording","1(1-0-2)","1","1","0","2"
"08-161-108","M200 การตัดตอและการปรับแตงเสียง","Editing and Equalizing Technology","1(0-2-1)","1","0","2","1"
"08-160-109","M100 การฝกปฏิบัติการผลิตสื่อเสียง","Practice on Sound Production.","1(0-2-1)","1","0","2","1"
"08-160-110","M300 การวิเคราะห?ภาพยนตร?เบื้องตSน","Basic Film Analysis","1(1-0-2)","1","1","0","2"
"08-160-211","M300 การบริหารงบประมาณและบุคคลในการผลิตสื่อ","Budget Management and Media Production Personnel","1(1-0-2)","1","1","0","2"
"08-160-212","M100 เทคนิคการจัดแสงสำหรับภาพนิ่งและภาพเคลื่อนไหว","Lighting Techniques for Photography and Motion Picture","1(1-0-2)","1","1","0","2"
"08-160-213","M200 ปฏิบัติการการออกแบบการจัดแสง","Lighting Design Practice","1(0-2-1)","1","0","2","1"
"08-160-214","M200 หลักการควบคุมและถQายทำดSวยกลSองถQายทำภาพเคลื่อนไหว","Principles Control and Operation With Motion Picture Camera","1(1-0-2)","1","1","0","2"
"08-160-215","M200 ปฏิบัติการถQายทำดSวยกลSองถQายทำภาพเคลื่อนไหว","Practice on Operation with Motion Picture Camera","1(1-0-2)","1","1","0","2"
"08-160-216","M300 การผลิตรายการในสตูดิโอ","Production of Programs in the Studio","1(0-2-1)","1","0","2","1"
"08-160-217","M300 การเกลี่ยสีกับงานตัดตQอ","Color Grading With Editing Work","1(1-0-2)","1","1","0","2"
"08-160-218","M200 การปรับแตQงสัญญาณภาพและเสียง","Adjustment of Video and Audio Signals","1(0-2-2)","1","0","2","2"
"08-160-321","M300 การวิจัยเชิงปริมาณทางสื่อสารมวลชน","Quantitative Research in Mass Communication","1(1-0-2)","1","1","0","2"
"08-161-024","M300 การถQายภาพหุQนนิ่ง","Still life Photography","1(0-2-1)","1","0","2","1"
"08-161-029","M200 กฎหมายการบิน ขSอพึงปฏิบัติกQอนบิน","Aviation Laws, Rules to Follow Before Flying","1(0-2-1)","1","0","2","1"
"08-161-030","M300 การดูแลหลังการถQายภาพ และการตกแตQงภาพถQาย","Post-Photography Care and Photo Decoration","1(0-2-2)","1","0","2","2"
"08-161-032","M300 ปฏิบัติการหลังการผลิตภาพยนตร","Practice on Post-Production for Film","1(0-2-1)","1","0","2","1"
"08-161-034","M300 เทคนิคหลังการถายทำ และนำเสนอสำหรับภาพยนตรโฆษณา","Post-Production Technique and Presented for Advertising Film","1(0-2-1)","1","0","2","1"
"08-161-038","M300 การผลิตรายการแบบออนไลน?สตรีมมิ่ง","Online Streaming Program Production","1(0-2-1)","1","0","2","1"
"08-161-041","M300 การผลิตและสรSางฉาก","Production and Setting","1(0-2-1)","1","0","2","1"
"08-161-049","M300 การออกอากาศผานสถานีวิทยุดิจิทัล","Broadcasting through Digital Radio Stations","1(0-2-1)","1","0","2","1"
"08-161-051","M300 โครงการพัฒนาการเขียนบท","Script Writing Development Project","1(0-2-1)","1","0","2","1"
"08-161-053","M300 การพัฒนาบุคลิกภาพ","Personality Development","1(0-2-1)","1","0","2","1"
"08-161-054","M300 การวิเคราะห?สื่อและวัฒนธรรม","The Analysis of Media and Culture","1(1-0-2)","1","1","0","2"
"08-160-055","M300 ภาพยนตร?แอฟริกาและอเมริกาใตS","The Cinemas of Africa and South America","1(0-2-1)","1","0","2","1"
"08-161-056","M200 กระบวนการผลิตรายการข่าวและสารคดี","Production Process of News Programs and Documentary","1(0-2-1)","1","0","2","1"
"08-161-057","M300 การกำหนดกลยุทธการสื่อสารตราธุรกิจ","Business Brand Communication Strategy Formulation","1(0-2-1)","1","0","2","1"